縣市,海岸線,左下X,左下Y,右上X,右上Y
澎湖縣,菓葉1,119.68115329742,23.578560609206,119.68141078949,23.582021819017
澎湖縣,風櫃4,119.55103397369,23.538601978221,119.55509284394,23.540805866833
澎湖縣,風櫃1,119.54118490219,23.537943577775,119.54266548157,23.538848500637
澎湖縣,山水,119.58852052689,23.511737459777,119.59252176204,23.512858999608
澎湖縣,後寮,119.57107543945,23.671656947175,119.57160906372,23.671891771297
澎湖縣,五德2,119.58530187607,23.529253050523,119.58724379539,23.530625277201
澎湖縣,赤崁牛罩尾,119.60409879684,23.662803307894,119.60844397545,23.663923557318
澎湖縣,紅羅2,119.63888168335,23.589317592988,119.64066267014,23.5903598133
澎湖縣,澎管處,119.54066991806,23.640022821735,119.54195737839,23.640730472018
澎湖縣,奎壁山沙灘(澎管處),119.67214107513,23.596750605873,119.67282772064,23.598068053632
澎湖縣,東石1,119.62458014488,23.590055013877,119.62532043457,23.591116892676
澎湖縣,坪仔頭,119.58464741707,23.577950954843,119.58654642105,23.578639274079
澎湖縣,白坑1,119.6567773819,23.603514674807,119.65737819672,23.605402259684
澎湖縣,瓦硐三十人公,119.57134923457,23.662259918442,119.57623330094,23.662538220695
澎湖縣,五德1,119.5875120163,23.529838338921,119.58822011948,23.530418706358
澎湖縣,龍門後灣,119.68583750092,23.561902260804,119.68784809113,23.563364158939
澎湖縣,中屯2,119.60849761963,23.620531450158,119.61028933525,23.621239205777
澎湖縣,沙港1,119.62392032146,23.607874758136,119.62446212769,23.608135277126
澎湖縣,湖東,119.66175556183,23.589238934515,119.66394424438,23.590005852613
澎湖縣,橫礁,119.53042539264,23.630561770193,119.53408241272,23.633024740755
澎湖縣,小門2,119.51627254486,23.652376666543,119.51699137688,23.652592873012
澎湖縣,講美,119.59909915924,23.633681803331,119.60303971846,23.636150334386
澎湖縣,重光碼頭,119.56995427608,23.584892980624,119.57099497318,23.585576347164
澎湖縣,紅羅1,119.64021205902,23.597812430475,119.64104890823,23.598539971999
澎湖縣,岐頭碼頭,119.61120128632,23.652759941402,119.61218833923,23.653310282825
澎湖縣,網垵口沙灘,119.50270922085,23.35391858497,119.50655221939,23.356036288549
澎湖縣,紅羅5,119.64330196381,23.588373688202,119.64388132095,23.588540838503
澎湖縣,和界1,119.53227857489,23.638489566331,119.53695774078,23.639118596362
澎湖縣,光榮海堤,119.56519603729,23.575826975596,119.56740617752,23.579681579194
澎湖縣,風櫃2,119.54401731491,23.546087659382,119.54537987709,23.546608942116
澎湖縣,中屯1,119.60401296616,23.619342018911,119.60545063019,23.620128420945
澎湖縣,二崁1,119.51972723007,23.607604407693,119.52172279358,23.611123835298
澎湖縣,紅羅3,119.63973999023,23.586800498471,119.64049100876,23.587508436184
澎湖縣,北海遊客中心(澎管處),119.59957122803,23.669288085286,119.60285735937,23.672217035152
澎湖縣,帆船館後方,119.56225633621,23.571618248557,119.56341505051,23.571893589964
澎湖縣,瓦硐涼亭,119.58212614059,23.655216804851,119.58311319351,23.656464873808
澎湖縣,西衛活動中心,119.58272695541,23.581363016227,119.58333849907,23.583241087098
澎湖縣,中西,119.61296081543,23.602020317509,119.61424827576,23.603436024848
澎湖縣,中屯(澎管所),119.60557937622,23.620688729515,119.60697412491,23.62209440538
澎湖縣,綠蠵龜館前,119.50788530549,23.364718063781,119.51194882393,23.366181097294
澎湖縣,漁翁島,119.53921079636,23.639885222624,119.54030513763,23.640396304305
澎湖縣,南寮,119.67499494553,23.590552103769,119.67743991935,23.594371301017
澎湖縣,竹灣2,119.51938390732,23.615148238565,119.52160294437,23.619086437234
澎湖縣,大果葉,119.51236724853,23.591166053523,119.51333284378,23.593014488017
澎湖縣,風櫃5,119.54946756363,23.537235372932,119.55015420914,23.538917353209
澎湖縣,和界2,119.52513456345,23.640494589015,119.52773094177,23.642381641132
澎湖縣,岐頭加壓站,119.60963487625,23.65335942034,119.61104035377,23.654410958726
澎湖縣,牛心灣,119.51228141785,23.573388290384,119.51477050781,23.576377640182
澎湖縣,白坑2,119.65613365173,23.596975172294,119.65947816367,23.600172009925
澎湖縣,沙港2,119.62725162506,23.607142352918,119.62750911713,23.607663393291
澎湖縣,成功,119.62371110916,23.580251893584,119.62448358536,23.580330557443
澎湖縣,時裡2,119.57029223442,23.523631198289,119.57079648972,23.52404436096
澎湖縣,紅羅4,119.64102745056,23.58739044683,119.64231491089,23.587803409104
澎湖縣,風櫃3,119.55078721046,23.543707436486,119.55126464367,23.544199221608
澎湖縣,尖山至林投沙灘,119.65452489805,23.560723701498,119.65938847625,23.561036834327
澎湖縣,東石2,119.62598562241,23.58398837484,119.62635040283,23.584971641702
澎湖縣,五德3,119.58273768425,23.531913878471,119.58495855331,23.532710640882
澎湖縣,小門1,119.51883673668,23.647580722098,119.51960921287,23.647934527284
澎湖縣,二崁2,119.52150821686,23.604950028282,119.52292442322,23.607014550246
澎湖縣,青灣,119.55637693405,23.526493798727,119.56073383169,23.527634886699
澎湖縣,時裡1,119.56797480583,23.524605079652,119.56963777542,23.525362537953
澎湖縣,城前,119.59379911423,23.624197976053,119.5965886116,23.624669800351
澎湖縣,竹灣1,119.51963311576,23.621425973983,119.52058553696,23.623329541178
澎湖縣,鎖港,119.60517168045,23.52213593207,119.60880875588,23.52405419815
澎湖縣,赤馬港,119.51229214668,23.57654480576,119.51282858849,23.579258758305
澎湖縣,菓葉2,119.68015551567,23.572306600992,119.68152880669,23.575109141508
澎湖縣,紅羅垃圾場,119.63379621506,23.596121372422,119.6351480484,23.596829259841
澎湖縣,沙港3,119.6301805973,23.605244961982,119.63063120842,23.60600195544
宜蘭縣,壯圍鄉大福村大福地段海岸,121.82009099254,24.802747119404,121.82069778442,24.807226729423
宜蘭縣,蘇澳鎮豆腐岬海灘及進出道路,121.87219619751,24.58360738049,121.87399864197,24.585256188149
宜蘭縣,蘇澳鎮無尾港海灘及進出道路,121.84554576874,24.629440207831,121.85036814495,24.630282678941
宜蘭縣,頭城鎮外澳海灘及進出道路。,121.84496891614,24.879527556166,121.8476486206,24.883322020927
宜蘭縣,蘇澳鎮大坑罟海灘及進出道路,121.84648990631,24.629213345159,121.85133467513,24.629892571002
宜蘭縣,蘇澳鎮內埤海灘及進出道路,121.87122978572,24.577419029842,121.87511444092,24.578582773588
宜蘭縣,頭城鎮大溪蜜月灣海灘及進出道路,121.89206969879,24.938427921816,121.89584255219,24.940732428174
宜蘭縣,竹安河口南側海灘及進出道路。,121.82226995821,24.818268330327,121.82322567251,24.82269716837
宜蘭縣,大福海灘,121.82144013226,24.811967437162,121.82194232941,24.815251263964
宜蘭縣,五結鄉利澤段海灘及進出道路,121.83691978455,24.689681893786,121.83710838848,24.692880913777
宜蘭縣,蘇澳鎮粉鳥林海灘及進出道路,121.8410718441,24.497458737684,121.84351801872,24.498248946532
宜蘭縣,壯圍鄉東港村東港地段海岸,121.82497130601,24.73125595488,121.82629288778,24.735589227207
宜蘭縣,永鎮廟後至公館紅葉路前海灘,121.81829452515,24.759259148608,121.81884344405,24.76374498075
宜蘭縣,五結鄉利澤段埤仔尾海灘及進出道路,121.84138298035,24.651871820646,121.84270021157,24.656222123081
宜蘭縣,頂寮海灘及進出道路,121.84515953064,24.640303401942,121.84680343302,24.644559791479
宜蘭縣,蘇澳鎮朝陽海灘及進出道路,121.80863857269,24.460744416098,121.81334180355,24.461877252075
宜蘭縣,五結鄉利澤段海灘及進出道路-2,121.83880805969,24.663966342439,121.83978830979,24.668390350949
宜蘭縣,頭城鎮烏石港海灘及進出道路。,121.83310031891,24.859142842471,121.83670520783,24.861207027312
宜蘭縣,頭城鎮竹安河口北側海灘及進出道路。,121.83093790108,24.852088940287,121.83305740356,24.856144940675
宜蘭縣,五結鄉季水段加禮宛海灘及進出道路,121.8364906311,24.686966773548,121.83672362316,24.691475520699
花蓮縣,花蓮溪出海口,121.60914795606,23.92936532866,121.61107778549,23.933476140868
花蓮縣,七星潭至德燕漁場,121.62352323532,24.03697965799,121.62563437177,24.041055534736
花蓮縣,德燕漁場,121.62158525206,24.041114323622,121.62350177765,24.045271372107
花蓮縣,花蓮市北濱公園,121.6168800811,23.974945369491,121.62060160081,23.977596154682
花蓮縣,壽豐鄉鹽寮海岸,121.60146474838,23.876949575466,121.60146750202,23.876956329143
花蓮縣,新城鄉康樂安檢站前,121.61549211516,24.075926313229,121.61549270153,24.07593221062
花蓮縣,花蓮市南濱公園,121.60690426826,23.959847328239,121.60892146105,23.963943865815
花蓮縣,奇萊鼻至東防波堤,121.64324820042,24.014478783106,121.64511836743,24.018650111281
花蓮縣,新城鄉七星潭賞星廣場,121.63762720993,24.022050617204,121.63763165474,24.022054582952
花蓮縣,順安漁場南岸,121.63959503174,24.111556712652,121.63968014758,24.111606097091
花蓮縣,秀林鄉崇德海巡分哨,121.65785543024,24.17463587714,121.65785551071,24.174637566169
花蓮縣,吉安鄉七腳川溪出海口,121.60627126694,23.955106859149,121.6069149971,23.959567904383
臺東縣,香蘭段,120.99554959986,22.577160843334,120.99947214118,22.579829156592
臺東縣,大鳥段,120.91294642165,22.378391862614,120.9139835834,22.382803071117
臺東縣,黑森林段,121.17430646538,22.758523531793,121.1754238605,22.762910961838
臺東縣,知本橋段,121.06777225729,22.687022510002,121.07053995123,22.690736351722
臺東縣,滿洲鄉九棚港仔海灘,120.88756998518,22.114919171898,120.88890421864,22.119260531304
臺東縣,紅頭部落地標旁沙灘,121.55653238297,22.022108839466,121.55829191208,22.023202900958
臺東縣,金崙橋段,120.9649612471,22.518516644266,120.96672360552,22.5227249879
臺東縣,尚武村段,120.89309290427,22.332437962772,120.89527368536,22.336472002677
臺東縣,中寮港澳旁左側海灘區域,121.46977901459,22.676856950504,121.47304058075,22.678015179096
臺東縣,野銀港澳旁左側沙灘,121.56756699085,22.042173577745,121.56786203384,22.04292936856
臺東縣,大武村段,120.90177558715,22.350073645134,120.9033087661,22.354357628623
臺東縣,荒野段,121.02959752078,22.661725385288,121.03239879142,22.664521128856
臺東縣,大溪段,120.9536126738,22.485257438238,120.95415234561,22.489744877285
臺東縣,豐里二號橋段,121.10264062872,22.70625620959,121.10674144762,22.708688485721
臺東縣,利嘉溪出海口段,121.08905509871,22.701715569158,121.09319619726,22.704064035401
臺東縣,多良橋段,120.95835804935,22.502971654022,120.95973134036,22.507190458041
臺東縣,大溪明隧道段,120.94665571899,22.458313119759,120.94737172122,22.462779199562
臺東縣,富岡段,121.18726645823,22.791004780615,121.19164586063,22.792112587292
臺東縣,豐谷南路段,121.13992248283,22.731897874832,121.1434090137,22.735048847403
臺東縣,復興橋段,121.00893960144,22.592433187554,121.00925564761,22.59692107638
臺東縣,海濱公園段,121.14323735233,22.735207170917,121.14426456239,22.735972030426
臺東縣,新吉村段,121.01781934485,22.637796028848,121.01925989955,22.642109071678
臺東縣,石朗浮潛區至南寮海堤,121.47382378578,22.654096269377,121.4745426178,22.656779434167
臺東縣,加津林段,120.92570818668,22.410398575592,120.92763066287,22.414545142359
臺東縣,松子間段,120.96848607059,22.527329436706,120.96914375454,22.52923568878
臺東縣,太麻里橋段,121.01040757584,22.606795846992,121.01085758543,22.611292065775
臺東縣,野銀港澳旁右側沙灘,121.5680873394,22.03979181581,121.5692460537,22.040000656665
臺東縣,南寮堤防周邊海灘區域,121.4716565609,22.661165454068,121.47268116474,22.662947544002
桃園市,永安漁港南岸第4段,120.98487854004,24.938422957271,120.98701477012,24.941302878702
桃園市,觀塘至大堀溪,121.07677514392,25.04823466657,121.0808801651,25.050496630394
桃園市,永安漁港北岸第2段,121.01513385773,24.977888976032,121.01527840295,24.978622922161
桃園市,小飯壢溪至觀塘,121.0504341897,25.036650759482,121.05404693601,25.039539789402
桃園市,大堀溪至富林溪,121.08544750871,25.053429278569,121.08920776529,25.056354764311
桃園市,樹林後溪至海湖,121.13285064697,25.075104256994,121.13747876189,25.076524586093
桃園市,圳股頭段,121.19550032125,25.099319438798,121.19935271052,25.102103700851
桃園市,竹圍段,121.24407416002,25.116793787604,121.24636173248,25.118204275961
桃園市,內海許厝港段,121.18220561071,25.092113793974,121.18677907912,25.093760772836
桃園市,沙崙段,121.20769500732,25.105031039527,121.20859105882,25.106426784883
桃園市,永安漁港北岸第1段,121.01949657229,24.996845329284,121.02173269443,25.000841038753
桃園市,永安漁港南岸第3段,121.00365192182,24.961974232672,121.00693863347,24.965148789903
桃園市,富林溪至樹林後溪,121.13058781578,25.074751401738,121.13233566284,25.075026515563
屏東縣,枋山鄉枋山村海灘,120.65082669254,22.26479419401,120.65125584598,22.268630554414
屏東縣,萬里桐沙灘,120.7036113739,21.995620027657,120.70620775223,21.996614815246
屏東縣,新園鄉共和村海灘,120.4463473346,22.469968987066,120.45074668191,22.471885240469
屏東縣,枋山鄉加祿村會社海灘,120.61889495795,22.327025850017,120.62263071535,22.329909110504
屏東縣,林邊鄉水利村海灘,120.48957000605,22.424534838035,120.49389492946,22.426589745414
屏東縣,大庄村海岸,120.56309803772,22.384364994133,120.56712985039,22.386881667818
屏東縣,南福村厚石沙灘,120.37273406982,22.333205920811,120.37274975674,22.333230877182
屏東縣,屏東縣東港鎮鎮海公園海灘,120.44404165139,22.453895238679,120.44723629947,22.457297329308
屏東縣,杉板海灘,120.36204814911,22.340906780519,120.3620494157,22.340929348951
屏東縣,滿洲鄉九棚港仔海灘,120.88557243326,22.128040826367,120.88557243347,22.13255638226
屏東縣,花瓶石海灘,120.38264158098,22.353925823195,120.3831410408,22.354423567819
屏東縣,肚仔坪海灘,120.36342144012,22.348924749439,120.36346942155,22.348979856606
屏東縣,佳冬鄉燄溫村海灘,120.51929056642,22.415095152839,120.52040636537,22.419372498028
屏東縣,小灣沙灘,120.80349683762,21.940378481291,120.80608248711,21.94144331781
屏東縣,大福澳仔海灘,120.36608408461,22.325201712497,120.36614656448,22.325266445032
屏東縣,漁埕尾海灘,120.38750502632,22.342796161414,120.38972854614,22.346741684783
屏東縣,佳冬鄉塭豐村海灘,120.52747289685,22.405764445396,120.52950441835,22.406607869487
屏東縣,枋寮村海岸,120.59018611908,22.364145713241,120.59273958206,22.367122239227
屏東縣,保生村海岸,120.59235334396,22.358668739199,120.59544324875,22.362042263178
屏東縣,滿洲鄉港口海灘,120.84394574161,21.979130960555,120.84397857638,21.980379653705
屏東縣,新龍海岸,120.58296561241,22.373307553732,120.58305021736,22.373362815475
屏東縣,蛤板海灘,120.35977363586,22.334297563391,120.35984202206,22.334383699429
屏東縣,枋山鄉楓港村海灘,120.68474476188,22.205179276248,120.68643629551,22.209393490783
屏東縣,車城鄉海口村海灘,120.7055182173,22.086406251729,120.71005025835,22.087958127647
屏東縣,林邊鄉崎峰村海灘,120.50343066426,22.416804328277,120.50744975262,22.41933946825
屏東縣,枋山鄉枋山村成功海灘,120.65219998355,22.249179632045,120.65615017872,22.251790549523
屏東縣,牡丹鄉旭海村海灘,120.89195240429,22.176446000482,120.89321735798,22.180805424243
屏東縣,中澳海灘,120.38395643234,22.351447276174,120.38682022651,22.354402106572
屏東縣,枋山鄉嘉和社區沙灘,120.62928840092,22.316826813499,120.63249828259,22.320213822851
嘉義縣,好美里海灘,120.12572044296,23.355433900628,120.12834048761,23.359238338225
嘉義縣,好美里海岸防風林道,120.13739189847,23.362021924266,120.13970494266,23.365999439185
嘉義縣,東石橋畔出海口,120.17670470547,23.461186487193,120.17892956729,23.464767417218
嘉義縣,東石漁人碼頭海岸,120.13545542954,23.449253024325,120.13767410596,23.451599498055
嘉義縣,鰲鼓海埔地海堤,120.12053572237,23.489230464013,120.12373110076,23.492350767184
嘉義縣,型厝寮漁港,120.14683175808,23.473822213136,120.14824420213,23.475416435912
嘉義縣,網寮漁港,120.1515872106,23.443953290614,120.15446782108,23.447602523084
嘉義縣,塭港漁港,120.14234319329,23.467922642179,120.1437819948,23.469000268974
嘉義縣,新厝海堤,120.15663706329,23.385798758618,120.15919804573,23.388243108761
嘉義縣,東石港南北岸,120.14021826688,23.458511080832,120.14489710329,23.45983394137
嘉義縣,好美里海堤,120.11957513863,23.345112406884,120.12180130231,23.349132060057
嘉義縣,白水湖漁港,120.14948874711,23.419630574106,120.15020957629,23.42341251558
連江縣,馬港海灘,119.91659760475,26.157826238615,119.91767585278,26.1593814768
連江縣,澳仔沙灘,119.99316394329,26.23404540012,119.99332487583,26.234526585204
連江縣,田沃港沙灘,119.94392395019,25.980996175017,119.94444966316,25.981859361167
連江縣,牛角澳口海灘,119.9528503418,26.164210768469,119.95410561562,26.164827054514
連江縣,猛澳沙灘,119.96572494507,25.958290657672,119.96817648411,25.959240827703
連江縣,大澳裡沙灘,119.99341070652,26.235272418149,119.99357700348,26.235753598155
連江縣,馬鼻灣沙灘,119.99769151211,26.221415183598,120.00064194202,26.22265677189
連江縣,北澳口海灘,120.48862695694,26.370613826609,120.4892706871,26.370983903034
連江縣,青帆沙灘,119.93052363396,25.971711299135,119.93114054203,25.971884915035
連江縣,鐵板沙灘,119.92335140705,26.141116954131,119.92430627346,26.142027117972
連江縣,津沙海灘,119.91229534149,26.145041684036,119.91319656372,26.14551842138
連江縣,后沃沙灘,120.00315785408,26.222122601807,120.00705778599,26.222931074493
連江縣,塘后沙灘,120.00437021256,26.222780288353,120.00551819801,26.222871722529
連江縣,清水濕地,119.93580758572,26.15423900027,119.93728280067,26.154311227634
連江縣,科蹄澳沙灘,119.9171179533,26.16244855759,119.91763293743,26.163079297331
連江縣,梅石澳口沙灘,119.93666052818,26.14563880929,119.93741691112,26.14605775825
連江縣,坤坵沙灘,119.92429554462,25.978247439467,119.92498219013,25.979187803597
連江縣,菜浦澳礫灘,119.94628429413,25.976950206863,119.94653642178,25.97809794499
金門縣,馬山段,118.41483882988,24.524446093076,118.41652393341,24.526685828808
金門縣,西園抗日紀念碑段,118.39779138565,24.510950510938,118.39793787022,24.510966749129
金門縣,貴山段,118.21955946606,24.426266174289,118.22437047958,24.426871822492
金門縣,南山頭段,118.21576595306,24.409296090092,118.22050424973,24.410029811556
金門縣,謝厝段,118.28709125519,24.404535583871,118.29106951789,24.407137917728
金門縣,復國墩段二,118.47177743912,24.447989542492,118.47289323807,24.451099746138
金門縣,寒舍花段,118.44686508179,24.50218395184,118.44807356966,24.5065269152
金門縣,上林段,118.22454214096,24.42706719226,118.22603452837,24.427928834246
金門縣,塘頭段,118.40319871902,24.512043847357,118.40497248196,24.514562054483
金門縣,烏沙頭至烏沙嘴段,118.292126343,24.477269376275,118.2951593399,24.480255115288
金門縣,雙口段,118.22859764099,24.437714386947,118.22876930237,24.441660458288
金門縣,山西段,118.44333808132,24.507572822272,118.44768047333,24.50878333385
金門縣,下蘭至后沙段段,118.37373575431,24.461045928068,118.37646245956,24.463830393624
金門縣,"東一點紅 至安岐段",118.34692660318,24.464103831024,118.35150718689,24.465706918497
金門縣,湖井頭段,118.22972939586,24.446079311553,118.23308065357,24.44906909336
金門縣,昔果山至尚義機場段,118.36679007862,24.430461463628,118.37124824524,24.432381133892
金門縣,陳景蘭洋樓段,118.39002370834,24.435487341671,118.39457273483,24.43599526774
金門縣,溪邊海水浴場段,118.46212148666,24.439746043062,118.46599351096,24.442079611423
金門縣,劉澳機動巡邏站段,118.38123728397,24.4828524077,118.38613986969,24.4830477006
金門縣,"L56 據點段",118.26305866242,24.431287105386,118.26449373514,24.43503711189
金門縣,山后段,118.45206357226,24.489687131539,118.45317363739,24.493932833201
金門縣,北山斷崖段,118.31677516063,24.484336550722,118.32052230835,24.487119995878
金門縣,鐵漢堡段,118.24687957764,24.451954825278,118.25112136897,24.452970542666
金門縣,后湖至昔果山段,118.34000587463,24.409795336145,118.34344579338,24.412926524873
金門縣,官澳至塘頭段,118.40907812119,24.519048082912,118.40957164764,24.523503783338
金門縣,復國墩漁港,118.47009301186,24.444893409834,118.47074747086,24.447139822805
金門縣,雙口至上林段,118.2278185971,24.433575295707,118.22870492935,24.438007416291
金門縣,夏墅段,118.30865621567,24.427356169764,118.31000804901,24.430271213277
金門縣,溪邊段,118.46073412056,24.438214625036,118.46272230148,24.440664184605
金門縣,青嶼段二,118.41746694248,24.526567000715,118.4220424755,24.527661900215
金門縣,后沙至嚨口段,118.36663060922,24.46035378064,118.37150573731,24.460992092335
金門縣,塔山段,118.28430745114,24.414973233408,118.28816413879,24.415930632653
金門縣,雄獅堡段,118.30906391144,24.430075848472,118.3091511256,24.430343021159
金門縣,歐厝段至泗湖段,118.3363366127,24.40244821938,118.33862776968,24.406436058189
金門縣,嚨口段,118.34854602814,24.464142893461,118.35317861578,24.465197574686
金門縣,劉澳機動巡邏站至下蘭段,118.38038921356,24.479958649744,118.38370448344,24.483282029849
金門縣,八二據點至料羅海濱公園段,118.42540740967,24.42264537771,118.42910212648,24.425621448814
金門縣,尚義海堤至成功段,118.37987954282,24.434607897594,118.38470432219,24.435511597191
金門縣,南石滬公園段,118.43815326691,24.410596458666,118.44059944153,24.411299879127
金門縣,"安東一營區 至古寧頭戰史館段",118.32784360943,24.475040840117,118.33168029785,24.477856084978
金門縣,九宮港,118.26267242432,24.425513994248,118.26354146004,24.427316288275
金門縣,赤山段,118.31793094894,24.38598742149,118.32130289758,24.388534345805
金門縣,青岐機動巡邏段,118.23203086853,24.412687169103,118.23641733628,24.414606963497
金門縣,貴山至鳳嘴段,118.21731090546,24.420955377977,118.21931714514,24.425074406433
金門縣,漁村段,118.40386885086,24.432252493764,118.40812516298,24.433983087081
金門縣,洋山段,118.39437961578,24.489901931126,118.39500613449,24.49040499615
金門縣,后扁段,118.45943026798,24.478712337273,118.46331255764,24.480904322553
金門縣,將軍堡段,118.26627731323,24.44041023123,118.26719999313,24.441894874482
金門縣,九宮港旁段,118.26350927353,24.427438393985,118.26466798782,24.431189423809
金門縣,建功嶼段,118.30204725266,24.42519163,118.304708004,24.4265006191
金門縣,羅厝漁港,118.25867056847,24.423169508203,118.26048374176,24.424615279747
金門縣,夏興海岸段,118.39562416077,24.435331056315,118.40037513374,24.435741304962
金門縣,湖下海堤段,118.30191850662,24.457328497643,118.30303430557,24.461545214999
金門縣,金湯港段,118.30181121826,24.395004904248,118.30608217163,24.396624934901
金門縣,呂厝段,118.39107513428,24.487988249149,118.39399337769,24.489628549769
金門縣,田墩海堤至洋山段,118.39406476455,24.501578551738,118.39407920837,24.506088953464
金門縣,歐厝段,118.32803249359,24.387830875774,118.33119700914,24.390192977033
金門縣,西園段,118.39303822598,24.509216021736,118.39704036713,24.510989558831
金門縣,劉澳海堤段,118.38792085648,24.48547192937,118.39092493057,24.488046831682
金門縣,九宮坑道段,118.26048374176,24.422368465486,118.2628762722,24.423736096323
金門縣,新湖漁港旁段,118.41626751719,24.427633762875,118.41708183289,24.427810379149
金門縣,南山頭至青岐機動巡邏段,118.22494983673,24.405418381889,118.22789444305,24.408614109038
金門縣,東林海濱公園段,118.25352416143,24.424981045227,118.25842380524,24.425269778984
金門縣,大地段,118.46259848008,24.453218037422,118.46501736572,24.456849428934
金門縣,獅山海灘至大東山段,118.43646810466,24.507533773317,118.44109296799,24.508705236681
金門縣,湖下海堤至下埔下段,118.30352783203,24.450027205456,118.30580834665,24.45402531744
金門縣,峰上段,118.45563640911,24.425485404369,118.46021983524,24.426246637202
金門縣,新頭段,118.42100250564,24.425138312335,118.42556927017,24.426800647993
金門縣,北山安檢所至烏沙頭段,118.30054389803,24.482280452917,118.30361366272,24.485762092667
金門縣,慈湖段,118.29189777374,24.465556304344,118.29602841343,24.468010014765
金門縣,青嶼段一,118.42547121607,24.51997025187,118.42778921127,24.523840999734
金門縣,北山播音站至北山安檢所段,118.30996189522,24.487095710273,118.31277608871,24.489452804297
金門縣,貓公石段,118.2441329956,24.450190937311,118.24700832367,24.45289241085
高雄市,永安區海岸線,120.19798398013,22.840595512163,120.19975290341,22.844802129298
高雄市,茄萣區海岸線,120.18147216642,22.89015953156,120.18291462756,22.894469878178
高雄市,旗津海水浴場,120.26714857535,22.605069957662,120.2705113979,22.608230299805
高雄市,彌陀區海岸線,120.22750973697,22.773032261086,120.22928707215,22.777235575267
高雄市,梓官區海岸線,120.23829300196,22.748500182837,120.24050810508,22.752520867711
高雄市,林園區海岸線,120.39238858029,22.482157971655,120.39580578151,22.485368059413
雲林縣,箔子寮海岸線-2,120.14021430367,23.623763403467,120.14154970644,23.628103035704
雲林縣,口湖鄉海灘-2,120.14275705645,23.567001270819,120.14322400088,23.571486041239
雲林縣,口湖鄉海灘-1,120.14047741885,23.572194061545,120.14288067813,23.575200726025
雲林縣,台西海岸線,120.172053092,23.724920347805,120.17267448092,23.729398506812
雲林縣,箔子寮海岸線-1,120.1410950376,23.629959579757,120.14163523911,23.634446392858
雲林縣,口湖鄉海灘-3,120.13987812237,23.617968671391,120.14167815446,23.620783479431
雲林縣,三條崙海岸線,120.15413924185,23.664665888972,120.15459567307,23.666189958629
雲林縣,林厝寮海岸線-2,120.16167700288,23.680345683345,120.1639940436,23.684275705219
雲林縣,林厝寮海岸線-1,120.15854388474,23.673579305511,120.15984626072,23.675666267118
雲林縣,麥寮鄉海灘,120.21901510301,23.818575721805,120.22381842134,23.819499928582
新竹縣,新豐鄉紅樹林-3,120.96613198222,24.908343191441,120.97054481506,24.909442008669
新竹縣,新豐鄉紅樹林-5,120.97508678709,24.908391274398,120.97926819627,24.909669995465
新竹縣,新豐鄉紅樹林-4,120.96661394022,24.901287441254,120.96774458885,24.904154254295
新竹縣,竹北市新月沙灣-2,120.94130559669,24.862303303382,120.94428062439,24.865879344019
新竹縣,新豐鄉紅樹林-2,120.97037315369,24.909207947109,120.97048663372,24.909247392876
新竹縣,舊新豐海水浴場-1,120.98032037509,24.932929862843,120.98367288463,24.936182486317
新竹縣,竹北市新月沙灣-1,120.94489482999,24.870009085156,120.94737052918,24.873899492722
新竹縣,舊新豐海水浴場-2,120.97045898438,24.925730456864,120.97217559815,24.926859073344
新竹縣,新豐鄉紅樹林-1,120.96809105934,24.91785033132,120.97060848941,24.921722829542
新竹縣,竹北市新月沙灣-3,120.94039485889,24.855491991012,120.94501018524,24.857118434966
臺中市,龍井區4段,120.51639318466,24.185819344102,120.51937367824,24.189411595838
臺中市,大安區,120.58334781256,24.377110490179,120.58446491608,24.381461613193
臺中市,龍井區1段,120.49072444439,24.199814539707,120.49519300461,24.201590686593
臺中市,龍井區2段,120.49518227577,24.199305666617,120.49708127975,24.199814539707
臺中市,清水區2段,120.5588130307,24.283284481487,120.56250642976,24.286234835943
臺中市,清水區1段,120.54990973501,24.311195443146,120.55055445284,24.315664801992
臺中市,龍井區3段,120.5101275444,24.192021102943,120.51403679466,24.194755076584
臺中市,大甲區,120.60317722717,24.412180806541,120.60547981234,24.416155719412
臺南市,漁光島,120.15077590942,22.980632902912,120.15481001877,22.982693442796
臺南市,觀夕平台,120.14705148401,22.988915942694,120.14706373215,22.988933719537
臺南市,馬沙溝濱海遊憩區,120.08309841156,23.2194591042,120.08382797241,23.221470491591
臺南市,橋頭公園,120.14181733131,22.992985105046,120.1429438591,22.993676455395
臺南市,黃金海岸,120.16953707298,22.948143377756,120.17141061444,22.952303043334
臺南市,雙春濱海遊憩區,120.10854721069,23.304029510647,120.11052131653,23.307892050934
臺南市,府城天險,120.10867752785,23.019247641229,120.11137962341,23.023006200682
新竹市,彩虹橋,120.91342449188,24.795734379694,120.91432571411,24.797683168005
新竹市,惠民宮/美山探索區,120.91507673264,24.783198712833,120.9154522419,24.78595530455
新竹市,南寮漁港觀音亭南岸,120.91816663742,24.848668249133,120.92041969299,24.851511002807
新竹市,運動公園,120.91797351837,24.840412210657,120.9190249443,24.844618185878
新竹市,南港海岸,120.88475704193,24.738022801225,120.88692628442,24.739321583211
新竹市,港南風景區至金城湖外圍沙灘,120.90746106442,24.808155766086,120.91208339408,24.809761570398
新竹市,南寮漁港觀音亭北岸,120.91827392578,24.851552514956,120.91885314851,24.851861474764
新竹市,南寮漁港(頭前溪出海口),120.9281873703,24.850673760223,120.93035459518,24.851939357287
新竹市,港南海岸,120.90772849636,24.819461131359,120.90951919556,24.823664780934
新竹市,風情海岸,120.91453556266,24.778563354535,120.91522693634,24.783033120568
新竹市,幸福沙灣,120.91763019562,24.837530256225,120.91913223267,24.84021748612
新竹市,港北海岸,120.91384291649,24.831006665605,120.91429889202,24.831600618675
新竹市,看海公園,120.91667532921,24.836128200078,120.9183382988,24.837793139985
彰化縣,崙尾至洋子厝溪出海口,120.43310607274,24.103396709939,120.4347038269,24.107665661703
彰化縣,三豐至姑寮,120.29409392936,23.88813973765,120.29613018036,23.892096299706
彰化縣,彰濱工業區至員大排出海口,120.4171978988,24.076168164081,120.41891098022,24.080398875178
彰化縣,廢營區至慶安水道,120.41642189026,24.125448627037,120.4213406844,24.125487965119
彰化縣,福寶哨口至漢寶溪口,120.37462234497,24.039409434984,120.37716086701,24.042363806355
彰化縣,永興海防哨口至二林溪口,120.31029356981,23.949491983484,120.31291007996,23.953312573255
彰化縣,姑寮至西港魚寮溪口,120.28986959988,23.882654212726,120.29278278351,23.886230097463
彰化縣,蚵寮海岸至垃圾場,120.41968345642,24.145048434727,120.42195173275,24.14844623496
彰化縣,西港漁港駐在所至台西,120.2833488541,23.872168176026,120.28741836548,23.874693111195
彰化縣,海尾哨口至萬興排水,120.34980280115,24.001745271058,120.35179138184,24.005855759608
彰化縣,廢營區至海巡雷達站,120.40225982666,24.123646941287,120.40555802069,24.125033986022
彰化縣,洋子厝溪出海口至顏厝,120.43475080715,24.090872330552,120.43727874756,24.094189699376
彰化縣,伸港鄉海尾至田尾排水,120.46509981568,24.16278048751,120.46757698059,24.165744919276
彰化縣,廟前排水至路上排水,120.30767440796,23.912361097965,120.30844688416,23.915264216424
彰化縣,田尾排水至蚵寮海岸,120.45027039482,24.158749089363,120.45519004784,24.158821091416
彰化縣,路上排水至新街管制站,120.30536694767,23.908544920319,120.30767440796,23.912439561484
彰化縣,舊濁水溪出海口至福寶哨口,120.39718756573,24.052506391703,120.40148735046,24.053988441497
彰化縣,王功排水至永興海防哨口,120.32082593741,23.964912540933,120.32466888428,23.967273898223
彰化縣,彰濱工業區內,120.40817816721,24.06931184099,120.41087620692,24.072996608786
彰化縣,與線西鄉界至崙尾,120.43756737674,24.11955905467,120.43865203857,24.123960279762
彰化縣,顏厝至彰濱工業區內,120.42523469726,24.083964258884,120.42903900147,24.085805681963
彰化縣,北漢寶至海尾哨口,120.35548210144,24.012441751061,120.35584277406,24.013803001094
彰化縣,垃圾場至廢營區,120.41624538683,24.127057095941,120.41659355164,24.131532060363
彰化縣,新寶排水出海口至後港溪,120.34150356587,23.988997221929,120.34586906433,23.990095054383
新北市,六塊厝海岸,121.44484436589,25.234682949346,121.44653184343,25.238042870526
新北市,龍洞地質公園停車場至龍安廟前海岸,121.91292285919,25.114015418454,121.91305137142,25.114131704561
新北市,永興海岸(台2線35-36公里),121.5763909478,25.298177919826,121.57646119595,25.298188132718
新北市,豐漁(水尾)漁港停車場前海岸,121.64898276329,25.223553568318,121.65135920048,25.226047949375
新北市,嘉寶沙灘,121.32587934324,25.123774144896,121.3308101214,25.124249605062
新北市,頂社(頂寮)海岸,121.66872301218,25.203659777005,121.66873455048,25.203665021998
新北市,金山漁會前海灘地段海岸,121.64659023285,25.229891331321,121.64874136448,25.23142962061
新北市,挖仔尾觀海長堤左側海岸,121.41928911209,25.168564233713,121.42200350761,25.169292499986
新北市,福隆里挖子海岸,121.9467830658,25.020058755324,121.95101135334,25.021749005928
新北市,大福煤礦至蝙蝠洞公園,121.83121978068,25.126853540448,121.83134078979,25.126889268779
新北市,和美里龍洞灣海岸(龍洞漁港至和美國小),121.91615223885,25.111880133858,121.91946011902,25.113032562402
新北市,中角沙珠灣海岸,121.64087824815,25.232288530768,121.6408932209,25.232297450342
新北市,龜吼海岸,121.68980759976,25.18216558749,121.68982744217,25.182190456934
新北市,野柳進水口至野柳隧道海岸,121.67609572251,25.20180564007,121.67985467886,25.203703460519
新北市,福隆里卯澳灣海岸,121.98948383331,25.012282921812,121.99087677851,25.01614269731
新北市,蝙蝠洞公園至金石園海岸,121.84115625162,25.128112411979,121.84121131897,25.128115417825
新北市,永興海岸(台2縣35-36公里),121.5763909478,25.298177919826,121.57646119595,25.298188132718
新北市,下員坑海岸,121.50544166565,25.280037294281,121.50951057147,25.282340510839
新北市,萬里海灘海岸,121.69367851203,25.180440398189,121.69367909432,25.180442198951
新北市,下社(下寮)海岸,121.65708517442,25.211833174901,121.65709376335,25.211842588952
新北市,大田寮底海岸,121.48379087448,25.270374364558,121.48821464136,25.272422774573
新北市,金山青年活動中心前海岸,121.64612311856,25.230744841457,121.6461288929,25.230750252346
新北市,一線天地段海岸,121.65271639824,25.229124605733,121.6527245056,25.229127801746
新北市,榮興海岸,121.8025124073,25.134231418059,121.80658022241,25.136341382299
新北市,和美里和美海岸,121.91362023354,25.082617733397,121.91606233963,25.085705782289
新北市,石碇溪步道海岸(含尖山腳街),121.92880153656,25.050597525471,121.93017482758,25.052965390983
新北市,洲子灣海岸,121.43789291382,25.217233917169,121.44093175762,25.220700616478
新北市,瑞濱入水口至出水口海岸,121.820727643,25.121157373094,121.82505369186,25.122056747848
新北市,羊調子海岸,121.42347335815,25.202386153025,121.42662838104,25.205847106348
新北市,八里污水處理廠後方海岸,121.41094207764,25.167585436997,121.41534027143,25.169672563722
基隆市,油庫前海岸,121.73036158083,25.161184978971,121.73242151735,25.163088287497
基隆市,八斗子平浪橋海岸,121.80181562898,25.139119970161,121.80318892,25.142577603066
基隆市,大武崙沙海岸,121.7070585489,25.164486617691,121.70800268648,25.165884931852
基隆市,和平島中山仔海岸,121.76224172115,25.160201483133,121.76272451878,25.16192030242
基隆市,小景點海岸,121.71675711869,25.164829993661,121.71830207108,25.16529609885
基隆市,漁港停車場海岸,121.70770227907,25.167632802006,121.70946180818,25.170312820915
基隆市,龍蝦麻糬海岸,121.72807581723,25.163019166101,121.72910578549,25.163334763037
基隆市,大停車場海岸,121.72019124026,25.164343656658,121.72388195987,25.164809763706
基隆市,海洋大學前海岸,121.77987698256,25.149914276288,121.78367257118,25.152199429334
苗栗縣,外埔段,120.77835764671,24.658256729121,120.78043103213,24.661551286038
苗栗縣,新埔海堤,120.6975168926,24.551874033855,120.7000929117,24.555723418383
苗栗縣,水尾段,120.76029999572,24.632887518167,120.76108950022,24.637333316184
苗栗縣,通灣海堤,120.69078949965,24.532855753374,120.69254040713,24.537076262081
苗栗縣,北埔段,120.78991032928,24.663158213732,120.79479411346,24.663837567606
苗栗縣,竹南鎮中港溪出海口沿岸,120.82803492533,24.667700828318,120.83235800264,24.669182783197
苗栗縣,南港段,120.71686577735,24.595705004389,120.71897625919,24.599758473229
苗栗縣,通霄發電廠,120.66677245853,24.491181873955,120.66953778262,24.494671906697
苗栗縣,白沙屯漁港,120.70461831181,24.565694927808,120.70659764378,24.569830515267
苗栗縣,聯港段,120.75656857564,24.612270884693,120.76120436189,24.613788911743
苗栗縣,竹南鎮海水浴場沿岸,120.86346377344,24.71796253904,120.86496127133,24.722156626612
苗栗縣,海岸,120.63344135842,24.448297573821,120.63777983186,24.450404647026
苗栗縣,竹南鎮龍鳳漁港沿岸,120.85826688272,24.702288770392,120.86060542295,24.706225588362
苗栗縣,出水,120.64837992189,24.4613782521,120.65069735048,24.463256932937
苗栗縣,竹南鎮森林遊憩區沿岸,120.84167443337,24.685427691448,120.84531205741,24.688482776136
苗栗縣,中和段,120.71764528749,24.597677917336,120.72064943864,24.601205651426
